elapsed_seconds,rss_kb,virtual_kb
0.000,8,18932
0.501,225348,2360080
1.001,383536,2748276
1.501,1092184,3450928
2.002,1107364,3452848
2.502,1145816,3502008
3.002,1164088,3930060
3.505,1205896,3889080
4.007,1206396,3889080
4.508,1206484,3889080
5.009,1206680,3889080
5.509,1206692,3889080
6.010,1206692,3889080
6.511,1210312,3889080
7.011,1210312,3889080
7.512,1210312,3889080
8.014,1210312,3889080
8.515,1209996,3888764
9.015,1212728,3888764
9.516,1221668,3888764
10.016,1221668,3888764
10.527,1221668,3888764
11.030,1222460,3888764
11.531,1222524,3888764
12.031,1222524,3888764
12.532,1222524,3888764
13.033,1222524,3888764
13.533,1222524,3888764
14.035,1222524,3888764
14.536,1222524,3888764
15.037,1222524,3888764
15.538,1225660,3888764
16.039,1225752,3888764
16.539,1225852,3888764
17.040,1225948,3888764
17.541,1227728,3889276
18.041,1227808,3889276
18.542,1227888,3889276
19.042,1229120,3889276
19.543,1229208,3889276
20.043,1230532,3889276
20.545,1230620,3889276
21.045,1230700,3889276
21.545,1236512,3889276
22.046,1241184,3889276
22.546,1241184,3889276
23.048,1241456,3889276
23.548,1242608,3954812
24.049,1242624,3954812
24.550,1243008,3954812
25.050,1243008,3954812
25.551,1243008,3954812
26.052,1243008,3954812
26.557,1243008,3954812
27.059,1243008,3954812
27.559,1243008,3954812
28.060,1243008,3954812
28.561,1243008,3954812
29.061,1243008,3954812
29.562,1243008,3954812
30.062,1243132,3954812
30.563,1243132,3954812
31.063,1243132,3954812
31.565,1243212,3954812
32.066,1245776,3954812
32.566,1246388,3954812
33.066,1249320,3954812
33.567,1249320,3954812
34.068,1252680,3954812
34.568,1252680,3954812
35.069,1252680,3954812
35.571,1252680,3954812
36.072,1252680,3954812
36.572,1254580,3954812
37.072,1254580,3954812
37.573,1254580,3954812
38.073,1254580,3954812
38.573,1254580,3954812
39.074,1254580,3954812
39.574,1254580,3954812
40.074,1254580,3954812
40.575,1254580,3954812
41.077,1254580,3954812
41.577,1254580,3954812
42.078,1255576,3954812
42.578,1259656,3954812
43.078,1259656,3954812
43.579,1259656,3954812
44.080,1259656,3954812
44.581,1259656,3954812
45.081,1259656,3954812
45.582,1259656,3954812
46.084,1259656,3954812
46.585,1259656,3954812
47.085,1259656,3954812
47.586,1259656,3954812
48.086,1259656,3954812
48.588,1259656,3954812
49.088,1259656,3954812
49.589,1259656,3954812
50.091,1259656,3954812
50.592,1260684,3955840
51.093,1260684,3955840
51.595,1260684,3955840
52.096,1260748,3955840
52.596,1260748,3955840
53.097,1260748,3955840
53.597,1260748,3955840
54.097,1260748,3955840
54.598,1273024,3955840
55.098,1273024,3955840
55.599,1273024,3955840
56.102,1273024,3955840
56.602,1273024,3955840
57.104,1273024,3955840
57.604,1273024,3955840
58.105,1273024,3955840
58.606,1273280,3955840
59.107,1273280,3955840
59.607,1273396,3955840
60.108,1289712,3955840
60.608,1289828,3955840
61.109,1289892,3955840
61.609,1289892,3955840
62.110,1289892,3955840
62.610,1289892,3955840
63.113,1290628,3955840
63.613,1302156,3955840
64.115,1314512,4021376
64.615,1325964,4021376
65.116,1372860,4040836
65.618,1395236,4106372
66.118,1395300,4106372
66.618,1395300,4106372
67.119,1395300,4106372
67.620,1395300,4106372
68.121,1395300,4106372
68.621,1395300,4106372
69.122,1395300,4106372
69.623,1395300,4106372
70.124,1395300,4106372
70.624,1395300,4106372
71.124,1395300,4106372
71.626,1395300,4106372
72.126,1395300,4106372
72.626,1395300,4106372
73.127,1395300,4106372
73.627,1395300,4106372
74.128,1457772,4171908
74.629,1470240,4171908
75.130,1470240,4171908
75.635,1470240,4171908
76.135,1470240,4171908
76.635,1470240,4171908
77.137,1470240,4171908
77.637,1470240,4171908
78.138,1470240,4171908
78.638,1470240,4171908
79.139,1470240,4171908
79.639,1470248,4171908
80.140,1470248,4171908
80.640,1470248,4171908
81.140,1470248,4171908
81.641,1470248,4171908
82.141,1470248,4171908
82.642,1470248,4171908
83.142,1470248,4171908
83.642,1492068,4185420
84.143,1789040,4562268
84.643,2007728,4859968
85.143,2110100,5000676
85.645,2193140,5111172
86.147,2698980,5618260
86.654,2793780,5675156
87.159,2798032,5675156
87.665,2809604,5675156
88.166,2868004,5675156
88.667,3097588,5796404
89.167,3342384,6040812
89.667,3400436,6098900
90.168,3449892,6148388
90.668,3655760,6394820
91.168,3923144,6671520
91.669,3923476,6671520
92.169,3926864,6671520
92.669,4041664,6743048
93.170,4167064,6868668
93.670,4293920,6988820
94.170,4514196,7226180
94.671,4899596,7615688
95.171,5168700,7869676
95.671,5262540,7932528
96.172,5361036,8030968
96.672,5361036,8030968
97.172,5361036,8030968
97.674,5361068,8031000
98.174,5361068,8031000
98.675,5361068,8031000
99.175,5361140,8031064
99.675,5363780,8050772
100.176,5393644,8078004
100.676,5508336,8192696
101.176,5650336,8334696
101.677,5754288,8438464
102.177,5754288,8438464
102.677,5754288,8438464
103.178,5754288,8438464
103.678,5754288,8438464
104.178,5754288,8438464
104.679,5754288,8438464
105.179,5754288,8438464
105.679,5754288,8438464
106.180,5754288,8438464
106.680,5754288,8438464
107.180,5754288,8438464
107.681,5754288,8438464
108.181,5754288,8438464
108.681,5754352,8436812
109.182,5754352,8436812
109.682,5754352,8436812
110.187,5754352,8436812
110.687,5754352,8436812
111.187,5754352,8436812
111.688,5754352,8436812
112.188,5754352,8436812
112.689,5754352,8436812
113.189,5754352,8436812
113.689,5754352,8436812
114.190,5754352,8436812
114.690,5754352,8436812
115.190,5754352,8436812
115.691,5754352,8436812
116.191,5754352,8436812
116.691,5754352,8436812
117.192,5754352,8436812
117.692,5754352,8436812
118.192,5754352,8436812
118.693,5754352,8436812
119.193,5754352,8436812
119.693,5754352,8436812
120.194,5754352,8436812
120.695,5754352,8436812
121.195,5754352,8436812
121.695,5754352,8436812
122.196,5754352,8436812
122.697,5754352,8436812
123.197,5754356,8436812
123.698,5754356,8436812
124.207,5754356,8436812
124.708,5754356,8436812
125.208,5754356,8436812
125.708,5754356,8436812
126.209,5754356,8436812
126.709,5754356,8436812
127.209,5754356,8436812
127.710,5754356,8436812
128.210,5754356,8436812
128.710,5754356,8436812
129.211,5754356,8436812
129.711,5754356,8436812
130.211,5754356,8436812
130.712,5754356,8436812
131.212,5791392,8502348
131.713,5794932,8502348
132.213,5794932,8502348
132.713,5794932,8502348
133.214,5794932,8502348
133.714,5794932,8502348
134.214,5794932,8502348
134.715,5794932,8502348
135.217,5794936,8502348
135.717,5794936,8502348
136.217,5794936,8502348
136.718,5794936,8502348
137.218,5794936,8502348
137.719,5794936,8502348
138.219,5794936,8502348
138.720,5794936,8502348
139.220,5794936,8502348
139.720,5794936,8502348
140.221,5794936,8502348
140.721,5794936,8502348
141.221,5794936,8502348
141.722,5794936,8502348
142.222,5807892,8515284
142.722,5807892,8515284
143.223,5807892,8515284
143.723,5807892,8515284
144.224,5807892,8515284
144.724,5807892,8515284
145.224,5807892,8515284
145.725,5807892,8515284
146.225,5807892,8515284
146.725,5807892,8515284
147.226,5807892,8515284
147.726,5807892,8515284
148.227,5807892,8515284
148.727,5807892,8515284
149.228,5807892,8515284
149.728,5807892,8515284
150.228,5807892,8515284
150.729,5807892,8515284
151.229,5807892,8515284
151.729,5807892,8515284
152.230,5807892,8515284
152.730,5816280,8523672
153.230,5816280,8523672
153.731,5816280,8523672
154.239,5816280,8523672
154.739,5816280,8523672
155.240,5816280,8523672
155.741,5816280,8523672
156.241,5817084,8523716
156.741,5817084,8523716
157.242,5817084,8523716
157.742,5817084,8523716
158.242,5817084,8523716
158.743,5817084,8523716
159.243,5817084,8523716
159.744,5817084,8523716
160.244,5817084,8523716
160.745,5817084,8523716
161.245,5817084,8523716
161.746,5817084,8523716
162.246,5817084,8523716
162.746,5817084,8523716
163.247,5817084,8523716
163.747,5821308,8527748
164.247,5821308,8527748
164.748,5821308,8527748
165.248,5821308,8527748
165.748,5821664,8527816
166.249,5821664,8527816
166.749,5821664,8527816
167.249,5821664,8527816
167.750,5821664,8527816
168.250,5821664,8527816
168.750,5821664,8527816
169.251,5821664,8527816
169.751,5821664,8527816
170.251,5821664,8527816
170.752,5821664,8527816
171.252,5821664,8527816
171.752,5821664,8527816
172.253,5821664,8527816
172.753,5821664,8527816
173.253,5821664,8527816
173.754,5821664,8527816
174.254,5821664,8527816
174.755,5830024,8536236
175.255,5830024,8536236
175.755,5830024,8536236
176.256,5830024,8536236
176.756,5830024,8536236
177.256,5830024,8536236
177.757,5830024,8536236
178.257,5830024,8536236
178.757,5830024,8536236
179.258,5830024,8536236
179.758,5830024,8536236
180.259,5830024,8536236
180.759,5830024,8536236
181.259,5830024,8536236
181.760,5830024,8536236
182.260,5830024,8536236
182.760,5830024,8536236
183.261,5830024,8536236
183.761,5830024,8536236
184.261,5830024,8536236
184.762,5830024,8536236
185.262,5830024,8536236
185.762,5848188,8554404
186.263,5848188,8554404
186.763,5848188,8554404
187.264,5848188,8554404
187.764,5848188,8554404
188.264,5848188,8554404
188.765,5848188,8554404
189.265,5848188,8554404
189.765,5848188,8554404
190.266,5848188,8554404
190.766,5848188,8554404
191.266,5848188,8554404
191.767,5848188,8554404
192.267,5848188,8554404
192.767,5848188,8554404
193.268,5848188,8554404
193.768,5848188,8554404
194.268,5848188,8554404
194.769,5848188,8554404
195.269,5848188,8554404
195.769,5848188,8554404
196.270,5848188,8554404
196.770,5835360,8499220
197.271,5835360,8499220
197.771,5835360,8499220
198.274,5835360,8499220
198.774,5835360,8499220
199.275,5835360,8499220
199.775,5835360,8499220
200.276,5835360,8499220
200.776,5835360,8499220
201.276,5835360,8499220
201.777,5835360,8499220
202.277,5835360,8499220
202.777,5835360,8499220
203.278,5835360,8499220
203.778,5835360,8499220
204.278,5835360,8499220
204.779,5835360,8499220
205.279,5835360,8499220
205.779,5835360,8499220
206.280,5835360,8499220
206.780,5835360,8499220
207.280,5835360,8499220
207.781,5852368,8502808
208.281,5892368,8535580
208.782,5896896,8535580
209.282,5896896,8535580
209.782,5896896,8535580
210.283,5896896,8535580
210.783,5896896,8535580
211.284,5896896,8535580
211.784,5896900,8535580
212.284,5896900,8535580
212.785,5896900,8535580
213.285,5896900,8535580
213.785,5896900,8535580
214.286,5896900,8535580
214.786,5896900,8535580
215.287,5896900,8535580
215.787,5896900,8535580
216.287,5896900,8535580
216.788,5896900,8535580
217.288,5896900,8535580
217.788,5896900,8535580
218.289,5896900,8535580
218.789,5905608,8544352
219.289,5905608,8544352
219.790,5905608,8544352
220.290,5905608,8544352
220.790,5905608,8544352
221.291,5905608,8544352
221.792,5905608,8544352
222.293,5905608,8544352
222.793,5905608,8544352
223.294,5905608,8544352
223.794,5905608,8544352
224.294,5905608,8544352
224.795,5905608,8544352
225.295,5905608,8544352
225.795,5905608,8544352
226.296,5905608,8544352
226.796,5905608,8544352
227.297,5905608,8544352
227.797,5905608,8544352
228.297,5905608,8544352
228.798,5905608,8544352
229.298,5905608,8544352
229.799,5923820,8550264
230.299,5940676,8615800
230.799,5940676,8615800
231.300,5940676,8615800
231.800,5940676,8615800
232.301,5940676,8615800
232.801,5940676,8615800
233.301,5940676,8615800
233.802,5940676,8615800
234.302,5940676,8615800
234.803,5940676,8615800
235.303,5940676,8615800
235.803,5940676,8615800
236.304,5940676,8615800
236.805,5940676,8615800
237.305,5940676,8615800
237.805,5940676,8615800
238.306,5940676,8615800
238.806,5940676,8615800
239.306,5940676,8615800
239.807,5940676,8615800
240.307,5940676,8615800
240.808,5947196,8614996
241.308,5947196,8614996
241.808,5947196,8614996
242.309,5947196,8614996
242.809,5947196,8614996
243.309,5947196,8614996
243.810,5947196,8614996
244.310,5947196,8614996
244.811,5947196,8614996
245.311,5947196,8614996
245.812,5947196,8614996
246.312,5947196,8614996
246.812,5947196,8614996
247.313,5947196,8614996
247.813,5947196,8614996
248.314,5947196,8614996
248.814,5947196,8614996
249.314,5947196,8614996
249.815,5947196,8614996
250.315,5947196,8614996
250.816,5947196,8614996
251.316,5947196,8614996
251.816,5955504,8623368
252.317,5955504,8623368
252.818,5955504,8623368
253.318,5955504,8623368
253.819,5955504,8623368
254.319,5955504,8623368
254.819,5955504,8623368
255.320,5955504,8623368
255.821,5955504,8623368
256.321,5955504,8623368
256.822,5955504,8623368
257.322,5955504,8623368
257.822,5955504,8623368
258.323,5955504,8623368
258.823,5955504,8623368
259.323,5955504,8623368
259.824,5955504,8623368
260.324,5955504,8623368
260.825,5955504,8623368
261.325,5955504,8623368
261.825,5955504,8623368
262.326,5955504,8623368
262.826,5964408,8632272
263.327,5985892,8665044
263.827,5989048,8665044
264.330,5989048,8665044
264.830,5989048,8665044
265.331,5989048,8665044
265.836,5989048,8665044
266.336,5989048,8665044
266.837,5989048,8665044
267.337,5989048,8665044
267.837,5989048,8665044
268.338,5989048,8665044
268.838,5989048,8665044
269.339,5989048,8665044
269.839,5989048,8665044
270.339,5989048,8665044
270.840,5989048,8665044
271.340,5989048,8665044
271.841,5989048,8665044
272.341,5989048,8665044
272.841,5989048,8665044
273.342,5989048,8665044
273.842,5989048,8665044
274.342,6008112,8684048
274.843,6008112,8684048
275.343,6008112,8684048
275.843,6008112,8684048
276.344,6008112,8684048
276.844,6008112,8684048
277.344,6008112,8684048
277.845,6008112,8684048
278.346,6008112,8684048
278.847,6008112,8684048
279.347,6008112,8684048
279.848,6008112,8684048
280.358,6008112,8684048
280.859,6008112,8684048
281.359,6008112,8684048
281.860,6008112,8684048
282.360,6008112,8684048
282.860,6008112,8684048
283.361,6008112,8684048
283.861,6008112,8684048
284.362,6008112,8684048
284.862,6008112,8684048
285.362,6000100,8627236
285.863,6000100,8627236
286.363,6000100,8627236
286.865,6000100,8627236
287.365,6000100,8627236
287.866,6000100,8627236
288.375,6000100,8627236
288.876,6000100,8627236
289.377,6000100,8627236
289.877,6000100,8627236
290.377,6000100,8627236
290.878,6000100,8627236
291.378,6000100,8627236
291.879,6000100,8627236
292.379,6000100,8627236
292.881,6000100,8627236
293.381,6000100,8627236
293.882,6000100,8627236
294.382,6000100,8627236
294.882,6000100,8627236
295.383,6000100,8627236
295.883,6000100,8627236
296.384,6000100,8627236
296.884,6000100,8627236
297.384,6003620,8630224
297.885,6003620,8630224
298.385,6003620,8630224
298.886,6012572,8639188
299.386,6012572,8639188
299.886,6012572,8639188
300.387,6012572,8639188
300.887,6012572,8639188
301.387,6012572,8639188
301.888,6012572,8639188
302.388,6012572,8639188
302.889,6012572,8639188
303.389,6012572,8639188
303.889,6012572,8639188
304.390,6012572,8639188
304.890,6012572,8639188
305.391,6012572,8639188
305.891,6012572,8639188
306.392,6012572,8639188
306.892,6012572,8639188
307.392,6012572,8639188
307.893,6012572,8639188
308.393,6027804,8645212
308.894,6027804,8645212
309.394,6027804,8645212
309.894,6027804,8645212
310.395,6027804,8645212
310.895,6027804,8645212
311.396,6027804,8645212
311.896,6027804,8645212
312.397,6027808,8645212
312.897,6027808,8645212
313.397,6027808,8645212
313.898,6027808,8645212
314.398,6027808,8645212
314.898,6027808,8645212
315.399,6027808,8645212
315.899,6027808,8645212
316.401,6027808,8645212
316.902,6027808,8645212
317.404,6027808,8645212
317.905,6027808,8645212
318.405,6027808,8645212
318.905,6027808,8645212
319.417,6027808,8645212
319.931,6027808,8645212
320.442,6032816,8650288
320.944,6032816,8650288
321.444,6032816,8650288
321.944,6032816,8650288
322.445,6032816,8650288
322.945,6032816,8650288
323.445,6032816,8650288
323.946,6032816,8650288
324.446,6032816,8650288
324.946,6032816,8650288
325.447,6032816,8650288
325.947,6032816,8650288
326.447,6032816,8650288
326.948,6032816,8650288
327.448,6032816,8650288
327.948,6032816,8650288
328.449,6032816,8650288
328.949,6032816,8650288
329.450,6032816,8650288
329.950,6032816,8650288
330.450,6032816,8650288
330.951,6032816,8650288
331.451,6032816,8650288
331.951,6032816,8650288
332.452,6040944,8658480
332.952,6040944,8658480
333.452,6040944,8658480
333.953,6040944,8658480
334.453,6040944,8658480
334.953,6040944,8658480
335.454,6040944,8658480
335.954,6040944,8658480
336.454,6040944,8658480
336.955,6040944,8658480
337.455,6040944,8658480
337.955,6040944,8658480
338.456,6040944,8658480
338.956,6040944,8658480
339.457,6040944,8658480
339.957,6040944,8658480
340.458,6040944,8658480
340.958,6040944,8658480
341.458,6040944,8658480
341.959,6040944,8658480
342.459,6040944,8658480
342.959,6040944,8658480
343.460,6044288,8661696
343.960,6044288,8661696
344.461,6044288,8661696
344.961,6044288,8661696
345.461,6044288,8661696
345.962,6044288,8661696
346.462,6044288,8661696
346.962,6044288,8661696
347.463,6044296,8661696
347.963,6044296,8661696
348.464,6044296,8661696
348.964,6044296,8661696
349.464,6044296,8661696
349.965,6044296,8661696
350.465,6044296,8661696
350.965,6044296,8661696
351.466,6044296,8661696
351.966,6044296,8661696
352.466,6044296,8661696
352.967,6044296,8661696
353.467,6044296,8661696
353.968,6044296,8661696
354.468,6044296,8661696
354.968,6044296,8661696
355.469,6044296,8661696
355.969,6044296,8661696
356.469,6044296,8661696
356.970,6044296,8661696
357.470,6044296,8661696
357.971,6044296,8661696
358.471,6044296,8661696
358.971,6044296,8661696
359.472,6044360,8661696
359.972,6044360,8661696
360.473,6044360,8661696
360.973,6044360,8661696
361.473,6044360,8661696
361.974,6044360,8661696
362.474,6044360,8661696
362.975,6044360,8661696
363.475,6044360,8661696
363.975,6044360,8661696
364.476,6044360,8661696
364.976,6044360,8661696
365.476,6044360,8661696
365.977,6044360,8661696
366.477,6044360,8661696
366.977,6059732,8676876
367.478,6059732,8676876
367.978,6059732,8676876
368.478,6059732,8676876
368.979,6059732,8676876
369.479,6059732,8676876
369.979,6059732,8676876
370.480,6059732,8676876
370.980,6059732,8676876
371.481,6059732,8676876
371.981,6059732,8676876
372.482,6059732,8676876
372.982,6059732,8676876
373.482,6059732,8676876
373.983,6059732,8676876
374.483,6059732,8676876
374.983,6059732,8676876
375.484,6059732,8676876
375.984,6059732,8676876
376.484,6059732,8676876
376.985,6059732,8676876
377.485,6059732,8676876
377.986,6060896,8676876
378.486,6061984,8678028
378.986,6061984,8678028
379.487,6061984,8678028
379.987,6061984,8678028
380.487,6061984,8678028
380.988,6061984,8678028
381.488,6061984,8678028
381.988,6061984,8678028
382.489,6061988,8678028
382.989,6061988,8678028
383.489,6061988,8678028
383.990,6061988,8678028
384.490,6061988,8678028
384.991,6061988,8678028
385.491,6061988,8678028
385.991,6061988,8678028
386.492,6061988,8678028
386.992,6061988,8678028
387.492,6061988,8678028
387.993,6061988,8678028
388.493,6061988,8678028
388.993,6061988,8678028
389.494,6068136,8684112
389.994,6068136,8684112
390.494,6068136,8684112
390.995,6068136,8684112
391.495,6068136,8684112
391.995,6068136,8684112
392.496,6068136,8684112
392.996,6068136,8684112
393.499,6068136,8684112
393.999,6068136,8684112
394.499,6068136,8684112
395.000,6068136,8684112
395.500,6068136,8684112
396.001,6068136,8684112
396.501,6068136,8684112
397.001,6068136,8684112
397.502,6068136,8684112
398.002,6068136,8684112
398.502,6068136,8684112
399.003,6068136,8684112
399.503,6068136,8684112
400.004,6068136,8684112
400.504,6068136,8684112
401.004,6084032,8704104
401.505,6084032,8704104
402.005,6084032,8704104
402.505,6084032,8704104
403.006,6084032,8704104
403.506,6084032,8704104
404.007,6084032,8704104
404.507,6084032,8704104
405.007,6084032,8704104
405.508,6084032,8704104
406.008,6084032,8704104
406.509,6084032,8704104
407.009,6084032,8704104
407.510,6084032,8704104
408.010,6084032,8704104
408.510,6084032,8704104
409.011,6084032,8704104
409.511,6084032,8704104
410.011,6084032,8704104
410.512,6084032,8704104
411.012,6084032,8704104
411.513,6084032,8704104
412.014,6084032,8704104
412.514,6091064,8711020
413.015,6091064,8711020
413.515,6091064,8711020
414.015,6091064,8711020
414.516,6091064,8711020
415.019,6091064,8711020
415.519,6091064,8711020
416.019,6091064,8711020
416.520,6091064,8711020
417.020,6091064,8711020
417.520,6091064,8711020
418.021,6091064,8711020
418.521,6091064,8711020
419.021,6091064,8711020
419.522,6091064,8711020
420.022,6091064,8711020
420.523,6091064,8711020
421.023,6091064,8711020
421.523,6091064,8711020
422.024,6091064,8711020
422.524,6091064,8711020
423.024,6091064,8711020
423.525,6095608,8715568
424.025,6095608,8715568
424.525,6095608,8715568
425.026,6095608,8715568
425.526,6095608,8715568
426.027,6095608,8715568
426.527,6095608,8715568
427.027,6095608,8715568
427.528,6095608,8715568
428.028,6095608,8715568
428.528,6095608,8715568
429.029,6095608,8715568
429.529,6095608,8715568
430.029,6095608,8715568
430.530,6095608,8715568
431.030,6095608,8715568
431.531,6095608,8715568
432.031,6095608,8715568
432.532,6095608,8715568
433.032,6095608,8715568
433.532,6095608,8715568
434.033,6095608,8715568
434.533,6095608,8715568
435.033,6099592,8715568
435.534,6099592,8715568
436.034,6099592,8715568
436.535,6099592,8715568
437.035,6099592,8715568
437.535,6099592,8715568
438.036,6099592,8715568
438.536,6099592,8715568
439.036,6099592,8715568
439.537,6099592,8715568
440.037,6099592,8715568
440.538,6099592,8715568
441.038,6099592,8715568
441.538,6099592,8715568
442.039,6099592,8715568
442.539,6099592,8715568
443.040,6099592,8715568
443.540,6099592,8715568
444.041,6099592,8715568
444.543,6099592,8715568
445.043,6099592,8715568
445.543,6099592,8715568
446.044,6099592,8715568
446.546,6107124,8723228
447.046,6107124,8723228
447.546,6107124,8723228
448.047,6107124,8723228
448.548,6107124,8723228
449.048,6107124,8723228
449.549,6107124,8723228
450.049,6107124,8723228
450.550,6107124,8723228
451.050,6107128,8723228
451.550,6107128,8723228
452.051,6107128,8723228
452.551,6107128,8723228
453.052,6107128,8723228
453.552,6107128,8723228
454.052,6107128,8723228
454.553,6107128,8723228
455.053,6107128,8723228
455.554,6107128,8723228
456.054,6107128,8723228
456.554,6107128,8723228
457.055,6107128,8723228
457.555,6107128,8723228
458.055,6107128,8723228
458.557,6109048,8725144
459.057,6109048,8725144
459.558,6109048,8725144
460.058,6109048,8725144
460.559,6109048,8725144
461.059,6109048,8725144
461.559,6109048,8725144
462.060,6109048,8725144
462.560,6109048,8725144
463.061,6109048,8725144
463.561,6109048,8725144
464.061,6109048,8725144
464.562,6109048,8725144
465.062,6109048,8725144
465.562,6109048,8725144
466.063,6109048,8725144
466.563,6109048,8725144
467.063,6109048,8725144
467.564,6109048,8725144
468.064,6109048,8725144
468.564,6109048,8725144
469.065,6109048,8725144
469.565,6109048,8725144
470.066,6114816,8730788
470.566,6114816,8730788
471.066,6114816,8730788
471.567,6114816,8730788
472.067,6114816,8730788
472.568,6114816,8730788
473.068,6114816,8730788
473.568,6114816,8730788
474.069,6114816,8730788
474.569,6119176,8733168
475.070,6138400,8752324
475.570,6138416,8752324
476.071,6138416,8752324
476.573,6138416,8752324
477.074,6138416,8752324
477.574,6138416,8752324
478.075,6138416,8752324
478.577,6138416,8752324
479.077,6138416,8752324
479.578,6138416,8752324
480.078,6138416,8752324
480.579,6138416,8752324
481.080,6138416,8752324
481.580,6138416,8752324
482.081,6138416,8752324
482.583,6138416,8752324
483.083,6138416,8752324
483.584,6138416,8752324
484.084,6138416,8752324
484.584,6138416,8752324
485.087,6138416,8752324
485.587,6138416,8752324
486.088,6138416,8752324
486.588,6138416,8752324
487.089,6138416,8752324
487.590,6138416,8752324
488.091,6138416,8752324
488.591,6138416,8752324
489.092,6138416,8752324
489.593,6138416,8752324
490.093,6138416,8752324
490.593,6138416,8752324
491.094,6138416,8752324
491.594,6138416,8752324
492.094,6138416,8752324
492.595,6138416,8752324
493.096,6138416,8752324
493.596,6138416,8752324
494.097,6138416,8752324
494.599,6138416,8752324
495.100,6138416,8752324
495.603,6138416,8752324
496.104,6138416,8752324
496.604,6138416,8752324
497.107,6138416,8752324
497.609,6138416,8752324
498.109,6138416,8752324
498.610,6138416,8752324
499.112,6138416,8752324
499.612,6138416,8752324
500.112,6138416,8752324
500.613,6138416,8752324
501.113,6138416,8752324
501.614,6138416,8752324
502.114,6138416,8752324
502.616,6138416,8752324
503.116,6138416,8752324
503.616,6138416,8752324
504.117,6138416,8752324
504.617,6138416,8752324
505.118,6138416,8752324
505.618,6138416,8752324
506.119,6138416,8752324
506.622,6138416,8752324
507.122,6138416,8752324
507.622,6138416,8752324
508.123,6138416,8752324
508.624,6138416,8752324
509.126,6138416,8752324
509.626,6138416,8752324
510.127,6138416,8752324
510.627,6138416,8752324
511.128,6138416,8752324
511.628,6138416,8752324
512.131,6138416,8752324
512.631,6138416,8752324
513.132,6138416,8752324
513.632,6138416,8752324
514.135,6138416,8752324
514.635,6138416,8752324
515.136,6138416,8752324
515.636,6138416,8752324
516.136,6138416,8752324
516.637,6138416,8752324
517.139,6138416,8752324
517.639,6138416,8752324
518.143,6138416,8752324
518.643,6138416,8752324
519.144,6138416,8752324
519.645,6138416,8752324
520.146,6138416,8752324
520.646,6138416,8752324
521.148,6138416,8752324
521.650,6138416,8752324
522.150,6138416,8752324
522.651,6138416,8752324
523.152,6138416,8752324
523.653,6138416,8752324
524.153,6138416,8752324
524.653,6138416,8752324
525.154,6138416,8752324
525.656,6138416,8752324
526.156,6138416,8752324
526.657,6138416,8752324
527.157,6138416,8752324
527.657,6138416,8752324
528.158,6138416,8752324
528.660,6138416,8752324
529.160,6138416,8752324
529.661,6138416,8752324
530.161,6138416,8752324
530.662,6138416,8752324
531.163,6138416,8752324
531.663,6138416,8752324
532.164,6138416,8752324
532.665,6138416,8752324
533.165,6138416,8752324
533.666,6138416,8752324
534.166,6138416,8752324
534.668,6138416,8752324
535.169,6138416,8752324
535.669,6138416,8752324
536.170,6138416,8752324
536.670,6138416,8752324
537.171,6138416,8752324
537.671,6138416,8752324
538.172,6138416,8752324
538.673,6138416,8752324
539.173,6138416,8752324
539.673,6138416,8752324
540.174,6138416,8752324
540.674,6138416,8752324
541.175,6138416,8752324
541.675,6138416,8752324
542.176,6138416,8752324
542.677,6138416,8752324
543.177,6138416,8752324
543.679,6138416,8752324
544.179,6138416,8752324
544.681,6138416,8752324
545.181,6138416,8752324
545.682,6138416,8752324
546.182,6138416,8752324
546.682,6138416,8752324
547.183,6138416,8752324
547.684,6138416,8752324
548.184,6138416,8752324
548.685,6138416,8752324
549.185,6138416,8752324
549.686,6138416,8752324
550.187,6138416,8752324
550.687,6138416,8752324
551.188,6138416,8752324
551.688,6138416,8752324
552.188,6138416,8752324
552.690,6138416,8752324
553.191,6138416,8752324
553.691,6138416,8752324
554.194,6138416,8752324
554.695,6138416,8752324
555.195,6138416,8752324
555.697,6138416,8752324
556.197,6138416,8752324
556.697,6138416,8752324
557.198,6138416,8752324
557.699,6138416,8752324
558.199,6138416,8752324
558.700,6138416,8752324
559.203,6138416,8752324
559.703,6138416,8752324
560.203,6138416,8752324
560.704,6138416,8752324
561.204,6138416,8752324
561.705,6138416,8752324
562.205,6138416,8752324
562.706,6138416,8752324
563.206,6138416,8752324
563.706,6138416,8752324
564.207,6138416,8752324
564.708,6138416,8752324
565.209,6138416,8752324
565.709,6138416,8752324
566.209,6138416,8752324
566.710,6138416,8752324
567.211,6138416,8752324
567.712,6138416,8752324
568.212,6138416,8752324
568.713,6138416,8752324
569.213,6138416,8752324
569.713,6138416,8752324
570.214,6138416,8752324
570.714,6138416,8752324
571.215,6138416,8752324
571.715,6138416,8752324
572.216,6138416,8752324
572.716,6138416,8752324
573.216,6138416,8752324
573.717,6138416,8752324
574.217,6138416,8752324
574.717,6138416,8752324
575.220,6138416,8752324
575.721,6138416,8752324
576.221,6138416,8752324
576.721,6138416,8752324
577.222,6138416,8752324
577.722,6138416,8752324
578.224,6138416,8752324
578.724,6138416,8752324
579.225,6138416,8752324
579.725,6138416,8752324
580.226,6138416,8752324
580.727,6138416,8752324
581.227,6138416,8752324
581.728,6138416,8752324
582.228,6138416,8752324
582.729,6138416,8752324
583.230,6138416,8752324
583.730,6138416,8752324
584.231,6138416,8752324
584.732,6138416,8752324
585.233,6138416,8752324
585.733,6138416,8752324
586.234,6138416,8752324
586.734,6138416,8752324
587.236,6138416,8752324
587.736,6138416,8752324
588.237,6138416,8752324
588.739,6138416,8752324
589.239,6138416,8752324
589.739,6138416,8752324
590.241,6138416,8752324
590.741,6138416,8752324
591.242,6138416,8752324
591.742,6138416,8752324
592.244,6138416,8752324
592.745,6138416,8752324
593.245,6138416,8752324
593.746,6138416,8752324
594.246,6138416,8752324
594.747,6138416,8752324
595.250,6138416,8752324
595.751,6138416,8752324
596.251,6138416,8752324
596.752,6138416,8752324
597.257,6138480,8752324
597.757,6138480,8752324
598.258,6139056,8752324
598.758,6139056,8752324
599.260,6139056,8752324
599.760,6139056,8752324
600.261,6139056,8752324
600.761,6139056,8752324
601.261,6139056,8752324
601.762,6139056,8752324
602.266,6139056,8752324
602.766,6139056,8752324
603.266,6139056,8752324
603.767,6139056,8752324
604.267,6139056,8752324
604.768,6139056,8752324
605.269,6139056,8752324
605.769,6139056,8752324
606.269,6139056,8752324
606.771,6139056,8752324
607.271,6139056,8752324
607.772,6139056,8752324
608.272,6139056,8752324
608.773,6139056,8752324
609.273,6139056,8752324
609.775,6139056,8752324
610.275,6139056,8752324
610.776,6139056,8752324
611.277,6139056,8752324
611.777,6139056,8752324
612.278,6139056,8752324
612.778,6139056,8752324
613.279,6139056,8752324
613.780,6139056,8752324
614.280,6139056,8752324
614.781,6139056,8752324
615.281,6139056,8752324
615.785,6139056,8752324
616.285,6139056,8752324
616.786,6139056,8752324
617.286,6139056,8752324
617.786,6139056,8752324
618.287,6139056,8752324
618.788,6139056,8752324
619.291,6139056,8752324
619.791,6139056,8752324
620.292,6139056,8752324
620.792,6139056,8752324
621.292,6139056,8752324
621.794,6139056,8752324
622.294,6139056,8752324
622.795,6139056,8752324
623.295,6139056,8752324
623.797,6139056,8752324
624.297,6139056,8752324
624.798,6139056,8752324
625.298,6139056,8752324
625.801,6139056,8752324
626.301,6139056,8752324
626.802,6139056,8752324
627.302,6139056,8752324
627.802,6139056,8752324
628.305,6139056,8752324
628.805,6139056,8752324
629.306,6139056,8752324
629.806,6139056,8752324
630.307,6139056,8752324
630.807,6139056,8752324
631.308,6139056,8752324
631.808,6139056,8752324
632.309,6139248,8752324
632.811,6139248,8752324
633.312,6139248,8752324
633.813,6139248,8752324
634.313,6139248,8752324
634.813,6139248,8752324
635.314,6139248,8752324
635.814,6139248,8752324
636.315,6139248,8752324
636.815,6139248,8752324
637.317,6139248,8752324
637.817,6139248,8752324
638.317,6139248,8752324
638.818,6139248,8752324
639.318,6139248,8752324
639.818,6139248,8752324
640.319,6139248,8752324
640.822,6139248,8752324
641.323,6139248,8752324
641.823,6139248,8752324
642.329,6139248,8752324
642.831,6139248,8752324
643.331,6139248,8752324
643.834,6139248,8752324
644.335,6139248,8752324
644.835,6139248,8752324
645.336,6139248,8752324
645.836,6139248,8752324
646.336,6139248,8752324
646.837,6139248,8752324
647.338,6139248,8752324
647.838,6139248,8752324
648.340,6139248,8752324
648.840,6139248,8752324
649.341,6139248,8752324
649.841,6139248,8752324
650.342,6139248,8752324
650.842,6139248,8752324
651.343,6139248,8752324
651.843,6139248,8752324
652.344,6139248,8752324
652.845,6139248,8752324
653.345,6139248,8752324
653.845,6139248,8752324
654.346,6139248,8752324
654.846,6139248,8752324
655.347,6139248,8752324
655.847,6139248,8752324
656.350,6139248,8752324
656.851,6139248,8752324
657.352,6139248,8752324
657.852,6139248,8752324
658.353,6139248,8752324
658.854,6139248,8752324
659.354,6139248,8752324
659.854,6139248,8752324
660.355,6139248,8752324
660.856,6139248,8752324
661.356,6139248,8752324
661.857,6139248,8752324
662.357,6139248,8752324
662.858,6139248,8752324
663.358,6139248,8752324
663.860,6139248,8752324
664.361,6139248,8752324
664.861,6139248,8752324
665.361,6139248,8752324
665.862,6139248,8752324
666.362,6139248,8752324
666.862,6139248,8752324
667.364,6139248,8752324
667.865,6139248,8752324
668.365,6139248,8752324
668.865,6139248,8752324
669.366,6139248,8752324
669.867,6139248,8752324
670.367,6139248,8752324
670.868,6139248,8752324
671.368,6139248,8752324
671.870,6139248,8752324
672.370,6139296,8752356
672.871,6139336,8752388
673.372,6139336,8752388
673.873,6139336,8752388
674.373,6139336,8752388
674.873,6139336,8752388
675.374,6139336,8752388
675.874,6139336,8752388
676.375,6139336,8752388
676.875,6139336,8752388
677.375,6139336,8752388
677.876,6139336,8752388
678.376,6139336,8752388
678.876,6139336,8752388
679.377,6139336,8752388
679.877,6145148,8758264
680.378,6145148,8758264
680.878,6145452,8758456
681.379,6146512,8759628
681.879,6146512,8759628
682.379,6146512,8759628
682.880,6146512,8759628
683.380,6146512,8759628
683.880,6146512,8759628
684.381,6146512,8759628
684.881,6146512,8759628
685.382,6149268,8762300
685.882,6149268,8762300
686.383,6151292,8764408
686.883,6151292,8764408
687.384,6151292,8764408
687.884,6151292,8764408
688.384,6151292,8764408
688.885,6151292,8764408
689.385,6157700,8778380
689.886,6158468,8779148
690.386,6158468,8779148
690.886,6158468,8779148
691.387,6158704,8779320
691.887,6158788,8779468
692.389,6158788,8779468
692.889,6158788,8779468
693.389,6166880,8787560
693.890,6166880,8787560
694.390,6167740,8787560
694.890,6168800,8787560
695.391,6168800,8787560
695.892,6173540,8787560
696.392,6173624,8787560
696.893,6173624,8787560
697.393,6174144,8787560
697.893,6174144,8787560
698.394,6174144,8787560
698.894,6174144,8787560
699.394,6174452,8787560
699.895,6174452,8787560
700.395,6174452,8787560
700.899,6181692,8794800
701.399,6181692,8794800
701.900,6181692,8794800
702.400,6186416,8799524
702.900,6186416,8799524
703.401,6188320,8801444
703.901,6189380,8802404
704.401,6189380,8802404
704.902,6189380,8802404
705.402,6189380,8802404
705.903,6189508,8802616
706.403,6189508,8802616
706.903,6189508,8802616
707.407,6189508,8802616
707.907,6189636,8802616
708.408,6189636,8802616
708.908,6189636,8802616
709.408,6189636,8802616
709.909,6189700,8802808
710.409,6189700,8802808
710.909,6190512,8803620
711.410,6190512,8803620
711.910,6190512,8803620
712.410,6190512,8803620
712.911,6190512,8803620
713.411,6190512,8803620
713.911,6190512,8803620
714.415,6190512,8803620
714.915,6192560,8805668
715.415,6192560,8805668
715.916,6192560,8805668
716.417,6192560,8805668
716.918,6192560,8805668
717.418,6192560,8805668
717.918,6192560,8805668
718.419,6192560,8805668
718.923,6194608,8807716
719.423,6194608,8807716
719.924,6194608,8807716
720.424,6194608,8807716
720.927,6194608,8807716
721.427,6194608,8807716
721.927,6194608,8807716
722.428,6194608,8807716
722.930,6194608,8807716
723.431,6194608,8807716
723.931,6194608,8807716
724.431,6194608,8807716
724.932,6194608,8807716
725.432,6194608,8807716
725.932,6194608,8807716
726.435,6194832,8807940
726.935,6194832,8807940
727.436,6194832,8807940
727.936,6194832,8807940
728.437,6194832,8807940
728.937,6194832,8807940
729.439,6194832,8807940
729.939,6194832,8807940
730.439,6194832,8807940
730.940,6194832,8807940
731.443,6194832,8807940
731.947,6194832,8807940
732.447,6194832,8807940
732.948,6274572,8897348
733.449,6274572,8897348
733.950,6274572,8897348
734.450,6274572,8897348
734.951,6274572,8897348
735.452,6274572,8897348
735.953,6274572,8897348
736.453,6274572,8897348
736.953,6274572,8897348
737.454,6274572,8897348
737.954,6274572,8897348
738.454,6274572,8897348
738.959,6274572,8897348
739.459,6274572,8897348
739.959,6274572,8897348
740.460,6274572,8897348
740.960,6274572,8897348
741.460,6274572,8897348
741.961,6274572,8897348
742.463,6274572,8897348
742.963,6274572,8897348
743.464,6274572,8897348
743.964,6274572,8897348
744.465,6274572,8897348
744.965,6274572,8897348
745.465,6274572,8897348
745.966,6274572,8897348
746.466,6274572,8897348
746.967,6274572,8897348
747.467,6274572,8897348
747.970,6274572,8897348
748.470,6274572,8897348
748.970,6274572,8897348
749.471,6274572,8897348
749.975,6274572,8897348
750.475,6274572,8897348
750.976,6274572,8897348
751.477,6274572,8897348
751.977,6274572,8897348
752.478,6274572,8897348
752.979,6274572,8897348
753.479,6274572,8897348
753.979,6274572,8897348
754.480,6274572,8897348
754.981,6274572,8897348
755.482,6274572,8897348
755.982,6274572,8897348
756.482,6274572,8897348
756.983,6274572,8897348
757.483,6274572,8897348
757.987,6274572,8897348
758.487,6274572,8897348
758.988,6274572,8897348
759.488,6274572,8897348
759.989,6274572,8897348
760.490,6274572,8897348
760.990,6274572,8897348
761.490,6274572,8897348
761.991,6274572,8897348
762.491,6274572,8897348
762.993,6274572,8897348
763.493,6274572,8897348
763.994,6274572,8897348
764.494,6274572,8897348
764.995,6274572,8897348
765.495,6274572,8897348
765.995,6274572,8897348
766.497,6274572,8897348
766.997,6274572,8897348
767.498,6274572,8897348
767.998,6274572,8897348
768.498,6274572,8897348
768.999,6274572,8897348
769.499,6274572,8897348
769.999,6274572,8897348
770.500,6274572,8897348
771.000,6274572,8897348
771.501,6274572,8897348
772.001,6274572,8897348
772.502,6274572,8897348
773.003,6274572,8897348
773.503,6274572,8897348
774.003,6274572,8897348
774.504,6274572,8897348
775.004,6274572,8897348
775.504,6274572,8897348
776.005,6274572,8897348
776.505,6274572,8897348
777.005,6274572,8897348
777.506,6274572,8897348
778.006,6274572,8897348
778.506,6274572,8897348
779.007,6274572,8897348
779.507,6274572,8897348
780.007,6274572,8897348
780.511,6274572,8897348
781.011,6274572,8897348
781.511,6274572,8897348
782.012,6274572,8897348
782.512,6274572,8897348
783.014,6274572,8897348
783.514,6274572,8897348
784.015,6274572,8897348
784.515,6274572,8897348
785.016,6274636,8897348
785.516,6274636,8897348
786.017,6274636,8897348
786.517,6276928,8899060
787.018,6276928,8899060
787.518,6276928,8899060
788.019,6276928,8899060
788.519,6276928,8899060
789.019,6276928,8899060
789.520,6276928,8899060
790.022,6276928,8899060
790.522,6276928,8899060
791.023,6276928,8899060
791.523,6276928,8899060
792.023,6276928,8899060
792.524,6276928,8899060
793.024,6276928,8899060
793.524,6276928,8899060
794.025,6276928,8899060
794.525,6276928,8899060
795.026,6276928,8899060
795.526,6276928,8899060
796.027,6276928,8899060
796.527,6276928,8899060
797.027,6276928,8899060
797.528,6276928,8899060
798.028,6276928,8899060
798.529,6276928,8899060
799.029,6276928,8899060
799.529,6276928,8899060
800.030,6276928,8899060
800.530,6276928,8899060
801.031,6276928,8899060
801.531,6276928,8899060
802.032,6276928,8899060
802.532,6276928,8899060
803.032,6276928,8899060
803.533,6276928,8899060
804.034,6276928,8899060
804.534,6276928,8899060
805.034,6276928,8899060
805.536,6276928,8899060
806.036,6276928,8899060
806.537,6276928,8899060
807.037,6276928,8899060
807.537,6276928,8899060
808.038,6276928,8899060
808.539,6276928,8899060
809.039,6276928,8899060
809.539,6276928,8899060
810.040,6302916,8915232
810.541,6302916,8915232
811.041,6335280,8947504
811.542,6335280,8947504
812.042,6335280,8947504
812.543,6335280,8947504
813.043,6335280,8947504
813.544,6335280,8947504
814.044,6335280,8947504
814.545,6335280,8947504
815.045,6335280,8947504
815.546,6335280,8947504
816.046,6335280,8947504
816.547,6335280,8947504
817.047,6335280,8947504
817.547,6335280,8947504
818.049,6335280,8947504
818.549,6335280,8947504
819.049,6335280,8947504
819.550,6339176,8951536
820.050,6339176,8951536
820.550,6339176,8951536
821.051,6339176,8951536
821.554,6339176,8951536
822.054,6339176,8951536
822.554,6339176,8951536
823.055,6339176,8951536
823.555,6339176,8951536
824.055,6339176,8951536
824.556,6339176,8951536
825.056,6339176,8951536
825.557,6339176,8951536
826.057,6339176,8951536
826.558,6339176,8951536
827.058,6339176,8951536
827.558,6341740,8953972
828.059,6341740,8953972
828.559,6341740,8953972
829.059,6341740,8953972
829.560,6341740,8953972
830.061,6341740,8953972
830.561,6341740,8953972
831.061,6341740,8953972
831.562,6341740,8953972
832.062,6341740,8953972
832.562,6341740,8953972
833.063,6341740,8953972
833.563,6341740,8953972
834.063,6341740,8953972
834.564,6341740,8953972
835.066,6341740,8953972
835.566,6341740,8953972
836.066,6352448,8964808
836.567,6352448,8964808
837.067,6352448,8964808
837.568,6352448,8964808
838.068,6352448,8964808
838.568,6352448,8964808
839.069,6352448,8964808
839.570,6352448,8964808
840.071,6352448,8964808
840.571,6352448,8964808
841.072,6352448,8964808
841.572,6352448,8964808
842.072,6352448,8964808
842.573,6352448,8964808
843.073,6352448,8964808
843.573,6352448,8964808
844.074,6352448,8964808
844.574,6354176,8966536
845.075,6354176,8966536
845.575,6354176,8966536
846.076,6354176,8966536
846.576,6354176,8966536
847.076,6354176,8966536
847.577,6354176,8966536
848.078,6354176,8966536
848.578,6354176,8966536
849.078,6354176,8966536
849.579,6354176,8966536
850.079,6354176,8966536
850.580,6354176,8966536
851.080,6354176,8966536
851.580,6354176,8966536
852.081,6354176,8966536
852.583,6354176,8966536
853.083,6356420,8968780
853.584,6356420,8968780
854.093,6356420,8968780
854.601,6356420,8968780
855.102,6356420,8968780
855.602,6356420,8968780
856.103,6356420,8968780
856.603,6356420,8968780
857.103,6356420,8968780
857.604,6356420,8968780
858.104,6356420,8968780
858.605,6356420,8968780
859.105,6356420,8968780
859.606,6356420,8968780
860.106,6356420,8968780
860.606,6356420,8968780
861.107,6356420,8968780
861.607,6358148,8970444
862.107,6358148,8970444
862.608,6358148,8970444
863.108,6358148,8970444
863.608,6358148,8970444
864.109,6358148,8970444
864.609,6358148,8970444
865.109,6358148,8970444
865.610,6358148,8970444
866.110,6358148,8970444
866.611,6358148,8970444
867.111,6358148,8970444
867.612,6358148,8970444
868.112,6358148,8970444
868.612,6358148,8970444
869.114,6358148,8970444
869.614,6358148,8970444
870.115,6359876,8972172
870.615,6359876,8972172
871.115,6359876,8972172
871.616,6359876,8972172
872.116,6359876,8972172
872.616,6359876,8972172
873.117,6359876,8972172
873.617,6359876,8972172
874.118,6359876,8972172
874.618,6359876,8972172
875.118,6359876,8972172
875.619,6359876,8972172
876.119,6359876,8972172
876.620,6359876,8972172
877.120,6359876,8972172
877.620,6359876,8972172
878.121,6359876,8972172
878.629,6366624,8978984
879.131,6366624,8978984
879.631,6366624,8978984
880.132,6366624,8978984
880.632,6366624,8978984
881.133,6366624,8978984
881.633,6366624,8978984
882.133,6366624,8978984
882.634,6366624,8978984
883.134,6366624,8978984
883.634,6366624,8978984
884.135,6366624,8978984
884.635,6366624,8978984
885.136,6366624,8978984
885.636,6367456,8978984
886.137,6367456,8978984
886.637,6367456,8978984
887.137,6368836,8980296
887.638,6368836,8980296
888.139,6368836,8980296
888.639,6368836,8980296
889.140,6368836,8980296
889.640,6368836,8980296
890.140,6368836,8980296
890.641,6368836,8980296
891.141,6368836,8980296
891.641,6368836,8980296
892.142,6368836,8980296
892.642,6368836,8980296
893.142,6368836,8980296
893.643,6368836,8980296
894.143,6368836,8980296
894.644,6368836,8980296
895.144,6370560,8982024
895.644,6370560,8982024
896.145,6370560,8982024
896.645,6370560,8982024
897.146,6370560,8982024
897.646,6370560,8982024
898.147,6370560,8982024
898.647,6370560,8982024
899.147,6370560,8982024
899.648,6370560,8982024
900.148,6370560,8982024
900.649,6370560,8982024
901.149,6370560,8982024
901.649,6370560,8982024
902.151,6370560,8982024
902.651,6370560,8982024
903.153,6370560,8982024
903.653,6374852,8986248
904.153,6374852,8986248
904.654,6374852,8986248
905.154,6374852,8986248
905.655,6374852,8986248
906.156,6374852,8986248
906.656,6374852,8986248
907.157,6374852,8986248
907.657,6374852,8986248
908.158,6374852,8986248
908.658,6374852,8986248
909.159,6374852,8986248
909.659,6374852,8986248
910.160,6374852,8986248
910.660,6374852,8986248
911.160,6374852,8986248
911.661,6374852,8986248
912.161,6376968,8988492
912.661,6376968,8988492
913.162,6376968,8988492
913.662,6376968,8988492
914.162,6376968,8988492
914.663,6376968,8988492
915.163,6376968,8988492
915.663,6376968,8988492
916.164,6376968,8988492
916.664,6376968,8988492
917.165,6376968,8988492
917.665,6376968,8988492
918.166,6376968,8988492
918.666,6376968,8988492
919.166,6376968,8988492
919.667,6376968,8988492
920.167,6378500,8990028
920.667,6378500,8990028
921.168,6378500,8990028
921.668,6378500,8990028
922.169,6378500,8990028
922.669,6378500,8990028
923.170,6378500,8990028
923.670,6378500,8990028
924.170,6378500,8990028
924.671,6378500,8990028
925.171,6378500,8990028
925.672,6378500,8990028
926.172,6378500,8990028
926.673,6378500,8990028
927.173,6378500,8990028
927.673,6378500,8990028
928.174,6380100,8991564
928.674,6380100,8991564
929.174,6380100,8991564
929.675,6380100,8991564
930.175,6380100,8991564
930.676,6380100,8991564
931.176,6380100,8991564
931.676,6380100,8991564
932.177,6380100,8991564
932.677,6380100,8991564
933.177,6380100,8991564
933.678,6380100,8991564
934.178,6380100,8991564
934.679,6380100,8991564
935.179,6380100,8991564
935.679,6380100,8991564
936.180,6380100,8991564
936.680,6382180,8993640
937.180,6382180,8993640
937.681,6382180,8993640
938.181,6382180,8993640
938.681,6382180,8993640
939.182,6382180,8993640
939.682,6382180,8993640
940.183,6382180,8993640
940.683,6382180,8993640
941.183,6382180,8993640
941.684,6382180,8993640
942.184,6382180,8993640
942.684,6382180,8993640
943.185,6382180,8993640
943.685,6339012,8934120
944.185,0,0
