frame,cpuMs,frameMs
0,10.158,13.242
1,31.373,13.333
2,26.729,31.733
3,16.684,26.988
4,15.678,16.916
5,37.021,16.523
6,21.802,37.355
7,43.061,22.129
8,32.576,43.415
9,23.259,32.883
10,20.953,23.583
11,24.413,21.305
12,22.532,24.766
13,29.564,22.931
14,29.709,30.097
15,24.401,30.070
16,23.423,24.716
17,19.050,23.751
18,22.175,19.484
19,27.262,22.580
20,26.577,27.634
21,26.574,26.922
22,25.366,27.065
23,20.227,25.797
24,25.542,20.595
25,43.915,25.882
26,17.095,44.254
27,23.235,17.404
28,22.682,23.592
29,22.675,23.101
30,17.772,23.048
31,22.597,18.127
32,19.249,22.904
33,26.373,19.599
34,22.896,26.735
35,25.861,23.187
36,38.801,26.345
37,18.705,39.110
38,21.034,18.995
39,24.985,21.468
40,27.920,25.395
41,43.996,28.329
42,21.894,44.398
43,37.423,22.331
44,25.143,37.773
45,22.983,25.570
46,20.415,23.343
47,21.258,20.873
48,23.085,21.719
49,17.673,23.411
50,19.686,17.945
51,15.953,19.992
52,17.486,16.285
53,16.069,17.789
54,17.719,16.719
55,15.421,18.030
56,15.424,15.758
57,27.905,15.735
58,123.562,28.558
59,15.253,100.000
60,15.861,15.842
61,18.497,16.358
62,17.367,19.058
63,19.910,18.094
64,16.362,20.216
65,16.822,16.633
66,14.771,17.141
67,14.699,15.146
68,18.696,15.045
69,15.003,19.171
70,14.532,15.352
71,14.232,14.841
72,31.283,14.529
73,18.593,31.660
74,18.831,18.903
75,14.693,19.225
76,17.759,15.040
77,15.198,18.060
78,14.452,15.509
79,17.159,14.775
80,17.296,17.535
81,15.409,17.644
82,14.227,15.748
83,14.776,14.528
84,14.927,15.098
85,17.918,15.281
86,16.838,18.336
87,17.206,17.198
88,16.069,17.631
89,18.062,16.794
90,18.073,18.492
91,14.760,18.460
92,20.106,15.175
93,18.439,20.567
94,18.141,18.863
95,16.801,18.627
96,14.665,17.181
97,14.535,15.179
98,15.572,14.893
99,14.610,15.888
100,22.869,15.202
101,22.077,23.389
102,17.035,22.431
103,23.821,17.434
104,16.653,24.227
105,15.699,17.026
106,13.950,16.141
107,13.063,14.340
108,12.917,13.455
109,23.174,13.232
110,16.835,23.608
111,17.463,17.247
112,16.061,17.939
113,22.117,16.446
114,17.510,22.676
115,16.295,17.970
116,16.661,16.632
117,16.851,17.004
118,34.208,17.228
119,15.722,34.591
120,15.365,16.072
121,16.229,15.667
122,17.104,16.620
123,17.195,17.485
124,15.192,17.600
125,16.214,15.607
126,17.665,16.597
127,13.491,18.132
128,15.212,13.801
129,11.722,15.567
130,11.798,12.078
131,12.033,12.083
132,11.287,12.327
133,13.785,21.138
134,15.048,14.090
135,11.966,15.399
136,11.594,12.285
137,12.086,24.972
138,11.586,13.219
139,12.115,13.425
140,12.008,13.315
141,12.503,26.713
142,11.364,13.178
143,10.772,13.388
144,13.146,13.451
145,11.669,26.564
146,10.941,13.327
147,11.228,13.318
148,10.586,13.571
149,11.592,26.495
150,11.005,13.250
151,10.985,13.233
152,10.045,13.488
153,10.108,26.645
154,10.854,13.192
155,11.837,13.301
156,10.601,13.510
157,10.368,26.800
158,10.341,13.017
159,9.594,13.397
160,9.891,13.195
161,10.052,26.994
162,10.835,13.100
163,10.320,13.304
164,10.899,13.340
165,10.020,26.997
166,9.552,13.020
167,10.084,13.236
168,10.395,13.462
169,10.459,26.820
170,11.511,13.066
171,9.477,13.519
172,9.003,13.219
173,10.249,26.739
174,10.203,13.258
175,9.268,13.482
176,9.606,13.301
177,9.650,26.516
178,8.563,13.341
179,10.690,13.406
180,9.272,13.276
181,9.357,26.693
182,10.106,13.416
183,8.909,13.180
184,8.899,13.259
185,11.094,26.803
186,8.960,13.156
187,9.065,13.659
188,8.838,13.191
189,8.795,26.636
190,8.061,13.304
191,7.903,13.174
192,7.971,13.319
193,7.838,26.768
194,9.444,13.215
195,7.469,13.408
196,7.692,13.319
197,12.486,26.684
198,7.425,13.256
199,9.796,13.546
200,7.067,13.179
201,7.834,26.744
202,7.814,13.310
203,6.754,13.266
204,8.262,13.321
205,7.197,26.773
206,7.272,13.151
207,7.079,13.323
208,6.833,13.462
209,6.959,26.718
210,6.873,13.209
211,7.036,13.243
212,6.660,13.419
213,7.259,26.821
214,6.886,13.172
215,7.107,13.369
216,7.386,13.391
217,6.653,26.713
218,6.924,13.250
219,7.349,13.188
220,7.254,13.417
221,6.750,26.771
222,6.561,13.275
223,6.721,13.303
224,8.644,13.366
225,6.493,26.719
226,6.516,13.138
227,6.997,13.320
228,6.611,13.394
229,6.475,26.880
230,6.546,13.162
231,6.610,13.367
232,6.509,13.353
233,6.304,26.640
234,6.324,13.269
235,6.764,13.205
236,5.965,13.348
237,6.678,26.840
238,6.163,13.196
239,6.320,13.320
240,6.707,13.360
241,6.437,26.705
242,7.010,13.238
243,7.186,13.274
244,6.348,13.522
245,6.759,26.641
246,6.160,13.286
247,6.511,13.452
248,7.449,13.122
249,7.837,26.755
250,7.407,13.242
251,6.755,13.219
252,6.251,13.385
253,5.916,26.936
254,7.860,13.043
255,6.176,13.341
256,6.003,13.530
257,6.127,26.608
258,6.196,13.263
259,6.426,13.258
260,6.389,13.402
261,8.664,26.738
262,6.087,13.173
263,6.200,13.389
264,5.395,13.314
265,5.830,26.726
266,5.610,13.223
267,6.303,13.310
268,5.960,13.428
269,5.969,26.741
270,5.338,14.580
271,6.922,11.853
272,5.677,13.399
273,5.840,26.781
274,5.558,13.220
275,5.618,13.376
276,6.359,13.385
277,5.917,26.687
278,6.777,13.210
279,6.067,13.320
280,5.411,13.355
281,5.349,26.785
282,5.555,13.258
283,6.030,13.172
284,6.473,13.380
285,5.567,26.767
286,5.862,13.249
287,5.786,13.262
288,5.414,13.500
289,5.068,26.616
290,5.325,13.230
291,22.181,13.318
292,7.957,22.619
293,6.743,17.629
294,6.308,13.122
295,6.427,13.277
296,4.915,13.423
297,4.964,26.686
298,11.366,13.362
299,5.058,13.251
300,7.861,13.496
301,10.237,26.454
302,7.291,13.417
303,5.132,13.181
304,4.853,13.404
305,5.672,26.811
306,5.933,13.080
307,5.352,13.426
308,10.738,13.529
309,6.892,26.495
310,4.951,13.394
311,4.842,13.201
312,5.708,13.388
313,5.169,26.622
314,6.910,13.383
315,4.901,13.319
316,4.804,13.275
317,5.068,26.703
318,4.918,13.258
319,36.157,13.423
320,4.298,36.607
321,3.891,4.566
322,5.892,12.273
323,5.206,13.197
324,5.301,13.419
325,5.058,26.534
326,10.579,13.422
327,6.289,13.565
328,8.701,13.022
329,7.295,26.716
330,6.950,13.225
331,8.402,13.296
332,7.000,13.369
333,4.910,26.803
334,5.157,13.213
335,5.199,13.294
336,4.905,13.315
337,5.154,26.815
338,5.568,13.245
339,4.876,13.159
340,5.130,13.479
341,5.546,26.836
342,6.887,13.097
343,5.984,13.393
344,6.348,13.297
345,5.757,26.677
346,5.759,13.275
347,5.027,13.363
348,5.406,13.293
349,5.776,26.646
350,5.937,13.365
351,4.760,13.254
352,5.100,13.386
353,5.751,26.694
354,4.906,13.213
355,6.374,13.370
356,5.191,13.333
357,4.947,26.816
358,5.369,13.214
359,9.754,13.217
360,4.835,13.452
361,7.815,26.734
362,8.938,13.258
363,5.996,13.200
364,5.288,13.412
365,4.946,26.782
366,5.290,13.302
367,6.098,13.236
368,6.726,13.380
369,9.309,26.702
370,5.686,13.271
371,9.563,13.406
372,4.599,13.246
373,5.141,26.799
374,6.851,13.285
375,5.462,13.206
376,5.265,13.324
377,5.318,26.860
378,4.981,13.199
379,6.587,13.228
380,5.627,13.449
381,4.814,26.718
382,5.182,13.211
383,4.906,13.239
384,4.687,14.560
385,5.122,25.630
386,5.346,13.197
387,5.403,13.350
388,6.063,13.324
389,5.183,26.857
390,4.716,15.524
391,5.594,10.991
392,5.071,13.273
393,5.401,26.757
394,5.423,13.250
395,5.386,13.299
396,4.870,13.327
397,6.004,26.791
398,5.464,13.223
399,5.630,13.288
400,5.108,13.472
401,5.261,26.696
402,5.407,13.256
403,5.635,13.249
404,7.498,13.367
405,4.917,26.720
406,5.067,13.266
407,5.316,13.270
408,4.756,13.369
409,5.269,26.742
410,6.586,13.319
411,5.215,13.230
412,4.910,13.385
413,5.227,26.726
414,5.299,13.231
415,6.715,13.292
416,5.350,13.377
417,5.202,26.706
418,5.119,13.253
419,5.201,13.259
420,6.608,13.410
421,5.059,26.756
422,5.472,13.225
423,7.070,13.357
424,7.264,13.413
425,5.117,26.615
426,5.113,13.318
427,7.233,13.297
428,5.178,13.390
429,5.242,26.658
430,5.446,13.227
431,6.771,13.275
432,5.079,13.285
433,5.481,26.895
434,6.779,13.175
435,7.154,13.299
436,5.079,13.322
437,4.989,26.803
438,5.510,13.236
439,5.177,13.253
440,6.834,13.429
441,4.890,26.729
442,7.661,13.201
443,5.075,13.326
444,5.239,13.408
445,6.827,26.738
446,5.693,13.283
447,5.653,13.209
448,5.445,13.316
449,5.460,26.786
450,5.279,13.308
451,6.518,13.233
452,5.652,13.362
453,7.600,26.810
454,7.919,13.147
455,5.109,13.219
456,5.509,13.445
457,6.119,26.773
458,6.062,13.258
459,7.772,13.396
460,5.434,13.259
461,5.142,26.710
462,5.113,13.568
463,5.442,12.847
464,6.412,13.496
465,5.909,26.755
466,6.928,13.168
467,5.388,13.316
468,5.515,13.388
469,4.976,26.800
470,5.115,13.264
471,6.444,13.151
472,4.779,13.558
473,5.087,26.649
474,5.968,13.473
475,5.865,13.005
476,5.216,13.389
477,5.408,26.792
478,5.272,13.187
479,5.028,13.384
480,5.349,13.495
481,5.214,26.409
482,6.285,13.498
483,5.032,13.238
484,10.043,13.327
485,8.031,26.898
486,8.159,13.135
487,4.882,13.299
488,5.142,13.410
489,5.047,26.634
490,5.993,13.383
491,5.113,13.118
492,5.824,13.480
493,4.968,26.672
494,9.567,13.244
495,4.910,13.283
496,6.003,13.486
497,4.721,26.568
498,4.931,13.334
499,5.323,13.262
500,5.021,13.363
501,4.970,26.756
502,5.868,13.163
503,7.094,13.751
504,5.035,12.945
505,4.889,26.698
506,5.129,13.309
507,7.531,13.243
508,5.234,13.494
509,4.639,26.554
510,14.980,13.389
511,5.015,15.445
512,5.650,11.137
513,11.561,26.806
514,5.223,13.163
515,7.699,13.273
516,6.394,13.436
517,5.147,26.753
518,7.163,13.214
519,5.927,13.381
520,4.712,13.263
521,14.583,26.803
522,6.007,15.059
523,5.412,11.453
524,6.962,13.338
525,8.541,26.744
526,7.517,13.185
527,5.101,13.345
528,7.473,13.385
529,6.008,26.766
530,5.234,13.225
531,5.474,13.305
532,4.669,13.313
533,8.887,26.878
534,5.574,13.120
535,5.553,13.271
536,4.925,13.448
537,4.785,26.733
538,9.489,13.182
539,12.166,13.331
540,9.895,13.580
541,7.540,26.638
542,8.043,13.228
543,7.886,13.153
544,5.348,13.463
545,5.287,26.701
546,5.042,13.258
547,6.136,13.326
548,4.974,13.301
549,5.149,26.842
550,5.082,14.629
551,5.563,11.827
552,6.523,13.396
553,10.083,26.777
554,7.857,13.117
555,5.516,13.327
556,5.260,13.404
557,5.951,26.700
558,5.157,13.288
559,6.642,13.261
560,4.722,13.339
561,7.025,26.809
562,4.852,14.706
563,7.346,11.811
564,4.532,13.340
565,5.902,26.749
566,5.015,13.266
567,5.454,13.282
568,5.036,13.346
569,4.917,26.868
570,5.234,13.118
571,4.969,13.315
572,4.810,13.364
573,5.004,26.753
574,8.604,13.239
575,5.885,13.251
576,5.045,13.443
577,4.888,26.729
578,4.669,15.304
579,5.511,11.254
580,5.346,13.281
581,5.599,26.849
582,5.357,13.160
583,5.491,13.343
584,8.156,13.418
585,5.040,26.711
586,5.558,14.961
587,5.082,11.526
588,4.960,13.390
589,5.349,26.663
590,5.162,13.334
591,5.597,13.271
592,5.376,13.395
593,5.137,26.674
594,5.667,13.245
595,4.889,13.327
596,4.717,13.387
597,6.344,26.739
598,5.086,13.274
599,5.735,13.162
600,4.918,13.485
601,5.103,26.737
602,7.116,13.164
603,5.214,13.338
604,5.183,13.323
605,4.995,26.763
606,5.642,13.282
607,6.246,13.291
608,5.249,13.376
609,5.118,26.745
610,5.722,13.215
611,5.567,13.230
612,5.637,13.470
613,5.649,26.881
614,7.020,13.025
615,5.651,13.402
616,6.936,13.263
617,4.887,26.771
618,7.824,13.240
619,6.902,13.203
620,5.178,13.522
621,5.089,26.685
622,6.853,13.217
623,7.428,13.358
624,4.893,13.382
625,6.695,26.660
626,4.732,15.423
627,7.044,11.134
628,5.588,13.437
629,6.491,26.707
630,5.323,13.139
631,5.217,13.382
632,6.452,13.292
633,7.156,26.809
634,5.973,13.224
635,5.691,13.296
636,4.833,13.422
637,7.327,26.675
638,6.364,13.228
639,5.895,13.328
640,9.139,13.446
641,5.149,26.767
642,10.267,13.487
643,9.615,13.078
644,7.990,13.492
645,9.896,26.584
646,6.919,13.059
647,5.608,13.350
648,5.134,13.328
649,8.446,27.054
650,6.597,12.937
651,6.544,13.349
652,4.958,13.287
653,5.208,26.760
654,6.830,13.289
655,7.602,13.208
656,5.395,13.427
657,7.377,26.779
658,5.678,13.401
659,9.372,13.118
660,6.195,13.423
661,7.899,26.800
662,7.042,13.194
663,8.296,13.245
664,7.928,13.508
665,12.505,26.566
666,8.633,13.165
667,17.510,13.488
668,9.199,17.881
669,12.144,22.148
670,4.881,13.135
671,5.355,13.468
672,10.072,13.363
673,7.634,26.623
674,7.591,13.395
675,6.923,13.451
676,6.725,13.151
677,5.123,26.654
678,5.264,13.489
679,8.666,13.287
680,7.470,26.586
681,8.171,13.312
682,5.630,13.207
683,6.732,13.568
684,6.640,26.537
685,8.890,13.206
686,5.693,13.531
687,6.030,13.561
688,5.891,26.408
689,5.588,13.288
690,6.853,13.255
691,9.463,13.436
692,8.891,26.628
693,7.866,13.264
694,6.780,13.230
695,11.930,13.625
696,10.503,26.589
697,9.036,13.073
698,5.562,13.384
699,7.652,13.498
700,5.205,26.641
701,7.406,13.156
702,5.917,13.347
703,5.378,13.425
704,7.447,26.746
705,6.925,13.174
706,5.646,13.297
707,5.274,13.499
708,5.938,26.606
709,8.109,13.258
710,7.639,13.221
711,5.420,13.551
712,6.176,26.616
713,5.983,13.253
714,7.437,13.229
715,5.863,13.467
716,6.734,26.735
717,10.167,13.191
718,8.668,15.556
719,9.574,11.114
