phase,frame,mode,map,frameMs,renderMs,logicMs,terrainMs,roadMs,shadowMs,cars,carUpdateMs,carDrawMs,carDrawCalls,visibleCars,buildingDrawCalls,gpuMs,renderDistanceMeters,buildingsSubmitted,treesSubmitted
0,106,3,0,100.000,489.397,0.063,8.251,6.251,0.000,0,0.000,0.003,0,0,97,484.919,0,1443,14042
0,107,3,0,100.000,514.349,0.014,8.703,6.588,0.000,0,0.000,0.002,0,0,97,473.431,0,1443,14042
0,108,3,0,100.000,508.141,0.015,8.777,6.463,0.000,0,0.000,0.003,0,0,97,497.730,0,1443,14042
0,109,3,0,100.000,502.876,0.013,8.409,6.187,0.000,0,0.000,0.002,0,0,97,491.777,0,1443,14042
0,110,3,0,100.000,490.611,0.014,8.355,6.364,0.000,0,0.000,0.002,0,0,97,486.819,0,1443,14042
0,111,3,0,100.000,515.279,0.012,8.664,6.441,0.000,0,0.000,0.002,0,0,97,475.002,0,1443,14042
0,112,3,0,100.000,499.404,0.013,8.146,6.052,0.000,0,0.000,0.003,0,0,97,499.009,0,1443,14042
0,113,3,0,100.000,501.360,0.013,8.411,6.169,0.000,0,0.000,0.002,0,0,97,483.522,0,1443,14042
0,114,3,0,100.000,505.186,0.014,8.419,6.232,0.000,0,0.000,0.003,0,0,97,485.280,0,1443,14042
0,115,3,0,100.000,507.718,0.013,8.356,6.359,0.000,0,0.000,0.003,0,0,97,489.243,0,1443,14042
0,116,3,0,100.000,492.048,0.035,8.212,6.023,0.000,0,0.000,0.002,0,0,97,491.862,0,1443,14042
0,117,3,0,100.000,506.237,0.012,8.006,5.857,0.000,0,0.000,0.002,0,0,97,476.356,0,1443,14042
0,118,3,0,100.000,492.342,0.013,8.334,6.284,0.000,0,0.000,0.002,0,0,97,490.222,0,1443,14042
0,119,3,0,100.000,503.426,0.014,8.623,6.613,0.000,0,0.000,0.003,0,0,97,476.323,0,1443,14042
0,120,3,0,100.000,490.844,0.012,8.290,5.927,0.000,0,0.000,0.002,0,0,97,487.261,0,1443,14042
0,121,3,0,100.000,524.558,0.010,6.893,4.975,0.000,0,0.000,0.002,0,0,97,475.052,0,1443,14042
0,122,3,0,100.000,498.559,0.013,8.712,6.676,0.000,0,0.000,0.002,0,0,97,509.686,0,1443,14042
0,123,3,0,100.000,505.714,0.015,8.174,5.992,0.000,0,0.000,0.002,0,0,97,482.003,0,1443,14042
0,124,3,0,100.000,491.403,0.011,8.481,6.458,0.000,0,0.000,0.002,0,0,97,489.879,0,1443,14042
0,125,3,0,100.000,507.994,0.012,8.070,6.101,0.000,0,0.000,0.002,0,0,97,475.344,0,1443,14042
0,126,3,0,100.000,519.782,0.013,8.344,5.971,0.000,0,0.000,0.002,0,0,97,492.287,0,1443,14042
0,127,3,0,100.000,529.304,0.013,9.208,6.680,0.000,0,0.000,0.002,0,0,97,503.690,0,1443,14042
0,128,3,0,100.000,520.263,0.018,8.918,6.683,0.000,0,0.000,0.003,0,0,97,511.522,0,1443,14042
0,129,3,0,100.000,512.210,0.012,9.052,6.503,0.000,0,0.000,0.003,0,0,97,503.840,0,1443,14042
0,130,3,0,100.000,506.023,0.014,8.587,6.323,0.000,0,0.000,0.002,0,0,97,495.123,0,1443,14042
0,131,3,0,100.000,518.073,0.013,8.094,6.085,0.000,0,0.000,0.002,0,0,97,489.869,0,1443,14042
0,132,3,0,100.000,499.688,0.013,7.736,5.629,0.000,0,0.000,0.002,0,0,97,502.227,0,1443,14042
0,133,3,0,100.000,520.316,0.015,8.126,5.977,0.000,0,0.000,0.002,0,0,97,484.096,0,1443,14042
0,134,3,0,100.000,500.011,0.012,8.513,6.530,0.000,0,0.000,0.002,0,0,97,504.556,0,1443,14042
0,135,3,0,100.000,510.154,0.015,8.624,6.493,0.000,0,0.000,0.003,0,0,97,483.811,0,1443,14042
1,181,3,0,100.000,462.389,0.013,6.090,4.614,0.000,0,0.000,0.002,0,0,94,442.124,500,94,145
1,182,3,0,100.000,457.922,0.013,8.359,6.935,0.000,0,0.000,0.003,0,0,94,448.636,500,94,145
1,183,3,0,100.000,442.008,0.012,7.974,6.616,0.000,0,0.000,0.002,0,0,94,441.905,500,94,145
1,184,3,0,100.000,449.154,0.011,6.976,5.642,0.000,0,0.000,0.002,0,0,94,426.392,500,94,145
1,185,3,0,100.000,471.482,0.010,7.545,6.123,0.000,0,0.000,0.002,0,0,94,434.563,500,94,145
1,186,3,0,100.000,459.174,0.011,6.721,5.357,0.000,0,0.000,0.003,0,0,94,456.754,500,94,145
1,187,3,0,100.000,470.246,0.014,8.663,6.674,0.000,0,0.000,0.003,0,0,94,444.525,500,94,145
1,188,3,0,100.000,455.145,0.012,8.072,6.398,0.000,0,0.000,0.003,0,0,94,453.871,500,94,145
1,189,3,0,100.000,466.347,0.011,7.294,5.789,0.000,0,0.000,0.002,0,0,94,439.053,500,94,145
1,190,3,0,100.000,466.135,0.014,7.424,5.975,0.000,0,0.000,0.002,0,0,94,451.571,500,94,145
1,191,3,0,100.000,459.180,0.011,7.193,5.274,0.000,0,0.000,0.002,0,0,94,450.005,500,94,145
1,192,3,0,100.000,466.587,0.011,6.642,5.149,0.000,0,0.000,0.002,0,0,94,444.685,500,94,145
1,193,3,0,100.000,462.342,0.012,7.339,5.928,0.000,0,0.000,0.002,0,0,94,452.515,500,94,145
1,194,3,0,100.000,466.707,0.033,7.104,5.632,0.000,0,0.000,0.002,0,0,94,447.422,500,94,145
1,195,3,0,100.000,447.437,0.011,7.562,5.827,0.000,0,0.000,0.002,0,0,94,451.746,500,94,145
1,196,3,0,100.000,463.482,0.010,6.290,4.622,0.000,0,0.000,0.003,0,0,94,432.339,500,94,145
1,197,3,0,100.000,470.036,0.011,7.079,5.419,0.000,0,0.000,0.003,0,0,94,449.791,500,94,145
1,198,3,0,100.000,482.194,0.015,7.637,6.059,0.000,0,0.000,0.002,0,0,94,455.228,500,94,145
1,199,3,0,100.000,484.093,0.014,8.385,6.577,0.000,0,0.000,0.002,0,0,94,465.327,500,94,145
1,200,3,0,100.000,465.182,0.012,7.454,5.871,0.000,0,0.000,0.002,0,0,94,467.895,500,94,145
1,201,3,0,100.000,472.848,0.013,7.593,6.038,0.000,0,0.000,0.002,0,0,94,449.756,500,94,145
1,202,3,0,100.000,486.954,0.012,7.187,5.793,0.000,0,0.000,0.002,0,0,94,455.824,500,94,145
1,203,3,0,100.000,466.568,0.010,8.303,6.477,0.000,0,0.000,0.003,0,0,94,472.176,500,94,145
1,204,3,0,100.000,477.156,0.012,7.596,6.177,0.000,0,0.000,0.002,0,0,94,450.601,500,94,145
1,205,3,0,100.000,466.993,0.012,8.721,6.540,0.000,0,0.000,0.002,0,0,94,462.222,500,94,145
1,206,3,0,100.000,522.783,0.012,7.184,5.525,0.000,0,0.000,0.002,0,0,94,449.836,500,94,145
1,207,3,0,100.000,623.438,0.014,8.809,6.815,0.000,0,0.000,0.003,0,0,94,507.161,500,94,145
1,208,3,0,100.000,479.957,0.017,9.886,7.561,0.000,0,0.000,0.003,0,0,94,600.730,500,94,145
1,209,3,0,100.000,476.376,0.014,8.747,7.067,0.000,0,0.000,0.002,0,0,94,460.997,500,94,145
1,210,3,0,100.000,478.130,0.013,8.278,6.658,0.000,0,0.000,0.002,0,0,94,459.619,500,94,145
2,256,3,0,100.000,488.466,0.014,6.940,4.710,0.000,0,0.000,0.002,0,0,97,476.152,0,1443,14042
2,257,3,0,100.000,497.621,0.011,7.558,5.192,0.000,0,0.000,0.003,0,0,97,474.496,0,1443,14042
2,258,3,0,100.000,494.671,0.011,8.628,6.620,0.000,0,0.000,0.003,0,0,97,480.365,0,1443,14042
2,259,3,0,100.000,484.698,0.025,8.077,6.109,0.000,0,0.000,0.003,0,0,97,478.704,0,1443,14042
2,260,3,0,100.000,510.874,0.012,8.540,6.015,0.000,0,0.000,0.002,0,0,97,468.464,0,1443,14042
2,261,3,0,100.000,498.524,0.022,8.042,6.082,0.000,0,0.000,0.003,0,0,97,494.561,0,1443,14042
2,262,3,0,100.000,487.137,0.013,7.903,5.968,0.000,0,0.000,0.003,0,0,97,483.093,0,1443,14042
2,263,3,0,100.000,503.864,0.012,8.163,6.128,0.000,0,0.000,0.003,0,0,97,471.628,0,1443,14042
2,264,3,0,100.000,501.681,0.013,8.819,5.915,0.000,0,0.000,0.002,0,0,97,488.229,0,1443,14042
2,265,3,0,100.000,508.105,0.013,8.088,6.115,0.000,0,0.000,0.002,0,0,97,485.226,0,1443,14042
2,266,3,0,100.000,499.189,0.012,8.173,6.196,0.000,0,0.000,0.002,0,0,97,492.328,0,1443,14042
2,267,3,0,100.000,508.919,0.013,8.711,6.624,0.000,0,0.000,0.002,0,0,97,483.223,0,1443,14042
2,268,3,0,100.000,505.007,0.013,8.246,6.028,0.000,0,0.000,0.002,0,0,97,492.671,0,1443,14042
2,269,3,0,100.000,506.829,0.013,8.342,5.876,0.000,0,0.000,0.003,0,0,97,489.011,0,1443,14042
2,270,3,0,100.000,497.188,0.040,8.368,6.258,0.000,0,0.000,0.002,0,0,97,490.855,0,1443,14042
2,271,3,0,100.000,504.815,0.012,6.933,4.847,0.000,0,0.000,0.003,0,0,97,480.964,0,1443,14042
2,272,3,0,100.000,490.269,0.014,8.044,5.917,0.000,0,0.000,0.002,0,0,97,490.451,0,1443,14042
2,273,3,0,100.000,506.383,0.012,8.303,6.110,0.000,0,0.000,0.003,0,0,97,474.542,0,1443,14042
2,274,3,0,100.000,508.815,0.015,8.843,6.644,0.000,0,0.000,0.003,0,0,97,490.656,0,1443,14042
2,275,3,0,100.000,500.525,0.015,8.735,6.484,0.000,0,0.000,0.003,0,0,97,491.851,0,1443,14042
2,276,3,0,100.000,502.053,0.013,9.035,6.787,0.000,0,0.000,0.003,0,0,97,483.613,0,1443,14042
2,277,3,0,100.000,513.189,0.013,8.122,6.170,0.000,0,0.000,0.003,0,0,97,484.983,0,1443,14042
2,278,3,0,100.000,504.734,0.015,9.055,6.945,0.000,0,0.000,0.002,0,0,97,497.187,0,1443,14042
2,279,3,0,100.000,502.375,0.013,8.737,6.442,0.000,0,0.000,0.003,0,0,97,487.875,0,1443,14042
2,280,3,0,100.000,487.096,0.017,8.697,6.236,0.000,0,0.000,0.003,0,0,97,486.068,0,1443,14042
2,281,3,0,100.000,507.442,0.018,8.302,6.015,0.000,0,0.000,0.003,0,0,97,470.741,0,1443,14042
2,282,3,0,100.000,494.725,0.097,8.311,6.309,0.000,0,0.000,0.002,0,0,97,491.641,0,1443,14042
2,283,3,0,100.000,501.109,0.015,8.422,6.245,0.000,0,0.000,0.002,0,0,97,478.731,0,1443,14042
2,284,3,0,100.000,494.653,0.013,8.084,5.914,0.000,0,0.000,0.002,0,0,97,485.004,0,1443,14042
2,285,3,0,100.000,501.399,0.014,8.568,6.398,0.000,0,0.000,0.003,0,0,97,479.134,0,1443,14042
