frame,mode,map,frameMs,renderMs,logicMs,terrainMs,roadMs,shadowMs,cars,carUpdateMs,carDrawMs,carDrawCalls,visibleCars,buildingDrawCalls,gpuMs
91,3,0,100.000,493.412,0.012,7.315,5.251,0.000,0,0.000,0.002,0,0,97,474.425
92,3,0,100.000,490.450,0.011,6.795,4.914,0.000,0,0.000,0.003,0,0,97,478.934
93,3,0,100.000,495.263,0.012,7.945,5.926,0.000,0,0.000,0.002,0,0,97,476.333
94,3,0,100.000,501.897,0.012,8.343,6.237,0.000,0,0.000,0.003,0,0,97,479.926
95,3,0,100.000,537.414,0.014,8.494,6.365,0.000,0,0.000,0.003,0,0,97,485.946
96,3,0,100.000,495.767,0.012,8.769,6.635,0.000,0,0.000,0.002,0,0,97,520.424
97,3,0,100.000,499.316,0.014,8.768,6.509,0.000,0,0.000,0.002,0,0,97,479.258
98,3,0,100.000,485.606,0.012,8.770,5.922,0.000,0,0.000,0.002,0,0,97,483.114
99,3,0,100.000,497.456,0.013,7.811,5.790,0.000,0,0.000,0.002,0,0,97,469.277
100,3,0,100.000,486.300,0.014,8.251,6.109,0.000,0,0.000,0.003,0,0,97,481.989
101,3,0,100.000,499.075,0.012,8.397,5.693,0.000,0,0.000,0.002,0,0,97,470.407
102,3,0,100.000,492.539,0.011,8.996,6.297,0.000,0,0.000,0.003,0,0,97,482.673
103,3,0,100.000,512.881,0.010,8.674,5.761,0.000,0,0.000,0.003,0,0,97,475.994
104,3,0,100.000,498.511,0.014,8.798,6.580,0.000,0,0.000,0.003,0,0,97,496.406
105,3,0,100.000,532.526,0.014,8.621,6.422,0.000,0,0.000,0.002,0,0,97,482.117
106,3,0,100.000,518.426,0.015,7.809,5.484,0.000,0,0.000,0.003,0,0,97,516.019
107,3,0,100.000,501.158,0.015,8.947,6.679,0.000,0,0.000,0.002,0,0,97,499.758
108,3,0,100.000,514.957,0.015,8.877,6.647,0.000,0,0.000,0.003,0,0,97,484.679
109,3,0,100.000,497.802,0.014,8.984,6.598,0.000,0,0.000,0.003,0,0,97,498.509
110,3,0,100.000,511.936,0.016,8.627,6.365,0.000,0,0.000,0.002,0,0,97,481.048
111,3,0,100.000,506.604,0.018,8.742,6.288,0.000,0,0.000,0.002,0,0,97,495.709
112,3,0,100.000,510.036,0.014,9.118,6.822,0.000,0,0.000,0.003,0,0,97,489.470
113,3,0,100.000,510.566,0.017,9.055,6.754,0.000,0,0.000,0.003,0,0,97,492.955
114,3,0,100.000,503.111,0.028,8.901,6.843,0.000,0,0.000,0.003,0,0,97,493.754
115,3,0,100.000,483.937,0.014,8.305,6.157,0.000,0,0.000,0.003,0,0,97,486.714
116,3,0,100.000,517.670,0.014,8.466,6.494,0.000,0,0.000,0.003,0,0,97,467.723
117,3,0,100.000,488.556,0.013,8.665,6.496,0.000,0,0.000,0.002,0,0,97,501.772
118,3,0,100.000,517.229,0.012,8.402,6.216,0.000,0,0.000,0.003,0,0,97,472.385
119,3,0,100.000,505.141,0.028,8.617,6.439,0.000,0,0.000,0.002,0,0,97,501.407
120,3,0,100.000,507.070,0.011,8.486,6.469,0.000,0,0.000,0.002,0,0,97,488.643
